Id,Name,Color,Price,Ratings,Review_head,Review
455585002,100% Organic Cotton '90s Loose Jeans with Washwell,medium wash,$79.95,5,good fit,fit was great  wish they did the distressing better
455585002,100% Organic Cotton '90s Loose Jeans with Washwell,medium wash,$79.95,5,Number one brand in the world,Waaoowww amazing product looks good on me  whenever I am wearing
455585002,100% Organic Cotton '90s Loose Jeans with Washwell,medium wash,$79.95,5,Great fit with style,Great fit and quality  if you are looking for a loose fit with style this is the perfect Jean for you
455585002,100% Organic Cotton '90s Loose Jeans with Washwell,medium wash,$79.95,4,jeans sometimes come with holes,good jeans but 1 point off for the scuffs in the jeans
455585002,100% Organic Cotton '90s Loose Jeans with Washwell,medium wash,$79.95,5,College approved,My college son loves the baggy fit of these jeans.
455585002,100% Organic Cotton '90s Loose Jeans with Washwell,medium wash,$79.95,5,Good fabric,It really nice and soft
455585002,100% Organic Cotton '90s Loose Jeans with Washwell,medium wash,$79.95,5,90's are back!!,Love the new cut of these jeans!
455585002,100% Organic Cotton '90s Loose Jeans with Washwell,medium wash,$79.95,4,very comfortable,very comfortable jeans. only drawback is the button fly. but stylish and roomy for those who have an athletic build and large quads.
455585002,100% Organic Cotton '90s Loose Jeans with Washwell,medium wash,$79.95,5,good buy - but recognize that they're button fly,very soft texture. the one surprise is that these jeans are button fly. but i'm still wearing them.
455585002,100% Organic Cotton '90s Loose Jeans with Washwell,medium wash,$79.95,5,Perfect,Perfect size  great material  and the hole isn't too big  you should definitely buy!
455585002,Slim Jeans in GapFlex with Washwell,grey wash,$69.95,NA,NA,NA
819620002,Slim Jeans in GapFlex with Washwell,light wash,$55.00,5,size,nice fit
819620002,Slim Jeans in GapFlex with Washwell,light wash,$55.00,5,Perfect fit  nice look,Love the fit. Gap has been my go-to for years.It hugs the legs after a wash  but then loosens up over time.#sweepstakes
819620002,Slim Jeans in GapFlex with Washwell,light wash,$55.00,5,Amazing,Soft perfect fit
819620002,Slim Jeans in GapFlex with Washwell,light wash,$55.00,5,Size is exact,Comfort & size are perfect
819620002,Slim Jeans in GapFlex with Washwell,light wash,$55.00,5,His favorite,These are my sons favorite. We buy a pair every year! He loves the fit and no holes.
819620002,Slim Jeans in GapFlex with Washwell,light wash,$55.00,5,I bought a second pair #sweepstakes,#Sweepstakes I love these jeans  I was looking for a light wash that aren't too tight-fitting.
819620002,Slim Jeans in GapFlex with Washwell,light wash,$55.00,5,Great fit  great stretch  great price,Best jeans ever. The stretch (paired up with the price) is unmatched. Only qualm - more color options please!
819620002,Slim Jeans in GapFlex with Washwell,light wash,$55.00,5,Slim and Stretchy or No Deal.,I only wear GAP Jeans. But they have to be super stretchy material to fit my body. Gap keeps changing their nomenclature Softflex  or Gapflex. It's hard to keep up and the colour choices are limited. So when I find a colour I like I always order a few at a time.
819620002,Slim Jeans in GapFlex with Washwell,light wash,$55.00,5,Jeans are timeless!,I've been wearing gap jeans for nearly 15 years and I just purchased this new pair and they fit and look as well as they historically have and we LOVE a pair of light wash jeans and jeans with STRETCH. #sweepstakes
819620002,Slim Jeans in GapFlex with Washwell,light wash,$55.00,4,Solid purchase,Jeans are slightly darker near the cuff than appear in the photos and run a little tight on the quads  but overall pretty happy with them #sweepstakes
488997002,Straight Jeans in GapFlex with Washwell,new shadow,$79.95,5,Perfect jeans,Great fit and versatile jeans. I have three pairs in three colors
488997002,Straight Jeans in GapFlex with Washwell,new shadow,$79.95,4,Prompt delivery,Shipped as promised; jeans are as described
488997002,Straight Jeans in GapFlex with Washwell,new shadow,$79.95,5,EXCELLENT FITTING,Perfect Fit
709193002,GapFlex Straight Jeans with Washwell,medium wash,$55.00,5,Sizing is perfect,Great color and true to fit
709193002,GapFlex Straight Jeans with Washwell,medium wash,$55.00,5,Roomy for thicker legs,Great jeans for those individuals with more muscle on the legs. Not tight but not loose. Looks greats
709193002,GapFlex Straight Jeans with Washwell,medium wash,$55.00,5,Awesome style and fir,Cool looking and a great fit!
709193002,GapFlex Straight Jeans with Washwell,medium wash,$55.00,5,Great weight,These jeans are perfect for our son!
709193002,GapFlex Straight Jeans with Washwell,medium wash,$55.00,5,Will buy these again!,Great jeans at a great price!
709193002,GapFlex Straight Jeans with Washwell,medium wash,$55.00,5,comfortable jeans,comfortable  flexible jeans
709193002,GapFlex Straight Jeans with Washwell,medium wash,$55.00,4,Love them.,Love the flex. Comfortable. Wash was a dark shade that looked good.
709193002,GapFlex Straight Jeans with Washwell,medium wash,$55.00,5,great fitting jeans,fit perfectly!
709193002,GapFlex Straight Jeans with Washwell,medium wash,$55.00,5,Good purchase,Great fit  very comfortable
709193002,GapFlex Straight Jeans with Washwell,medium wash,$55.00,5,Stretch  Style  variety of colors and in all sizes!,I love those jeans because the "Gap Flex" material stretches and while they are "Straight" legs they are not like the old days; they are still are stylish. GAP has re-engineered this fit in the right places so they don't seem baggy like years ago. They come in a variety of denim colors  the price is right and have GAP's reputation and services!
786895002,Straight Jeans in GapFlex with Washwell,worn dark,$55.00,5,no names in the back is perfect,looks good with any kind of shirts
786895002,Straight Jeans in GapFlex with Washwell,worn dark,$55.00,5,comfortable,Great fit  great quality
786895002,Straight Jeans in GapFlex with Washwell,worn dark,$55.00,5,Amazing,Love my jeans
786895002,Straight Jeans in GapFlex with Washwell,worn dark,$55.00,4,Solid,Nice look
786895002,Straight Jeans in GapFlex with Washwell,worn dark,$55.00,4,Fit,It was a gift my son loved the fit
786895002,Straight Jeans in GapFlex with Washwell,worn dark,$55.00,5,Very comfortable,Excellent fabric  great color  soft and comfortable.Great for everyday activities.
786895002,Straight Jeans in GapFlex with Washwell,worn dark,$55.00,4,Comfortable pair of jeans,Super comfortable and runs true yo size.
786895002,Straight Jeans in GapFlex with Washwell,worn dark,$55.00,5,Good feeling,Feel very good overall.
786895002,Straight Jeans in GapFlex with Washwell,worn dark,$55.00,4,Good quality,Nice jeans  would have kept it if the length would have fit
786895002,Straight Jeans in GapFlex with Washwell,worn dark,$55.00,5,Nice,Nice jeans
819578002,Skinny Jeans in GapFlex with Washwell,rinse,$69.95,5,Love it,Love it
819578002,Skinny Jeans in GapFlex with Washwell,rinse,$69.95,4,Love these jeans,Love these jeans. They wear well and are a great fit. The only thing I would change is how far apart the back pockets are.
819578002,Skinny Jeans in GapFlex with Washwell,rinse,$69.95,5,Great fit!,Great fit! Fits true to size.
819578002,Skinny Jeans in GapFlex with Washwell,rinse,$69.95,5,Colour,Colour
819578002,Skinny Jeans in GapFlex with Washwell,rinse,$69.95,2,Spandex,Please stop with the stretch in the denim. These "jeans" feel like leggings. Way too much stretch  bring back real denim!! Bring back the selvage denim!!! T
819578002,Skinny Jeans in GapFlex with Washwell,rinse,$69.95,5,Best jeans out there!,Love this product  gap has the perfect sizes and are the only jeans I buy!
819578002,Skinny Jeans in GapFlex with Washwell,rinse,$69.95,5,Good,Perfect as is
819578002,Skinny Jeans in GapFlex with Washwell,rinse,$69.95,5,Best jeans ever!!!!,These are my go to jeans!
819578002,Skinny Jeans in GapFlex with Washwell,rinse,$69.95,5,Perfect fit,Excelent Jeans perfect fit
819578002,Skinny Jeans in GapFlex with Washwell,rinse,$69.95,4,Jeans fit good,Love the jeans
819575002,Skinny Jeans in GapFlex with Washwell,dark wash,$69.95,4,Casual Style,These jeans are great for a more casual look. They wear well and the fit is great.
819575002,Skinny Jeans in GapFlex with Washwell,dark wash,$69.95,5,Soft!,Nice and soft from the get-go. Fits my man beautifully.
819575002,Skinny Jeans in GapFlex with Washwell,dark wash,$69.95,5,Nice,I like it
819575002,Skinny Jeans in GapFlex with Washwell,dark wash,$69.95,5,Perfect skinny fit,Great Fit!! Bought another pair.
819575002,Skinny Jeans in GapFlex with Washwell,dark wash,$69.95,5,Fit and Shade,Great fit and shade
819575002,Skinny Jeans in GapFlex with Washwell,dark wash,$69.95,5,Super happy with my jeans,Love it and the price as well
819575002,Skinny Jeans in GapFlex with Washwell,dark wash,$69.95,5,Comfortable,Very comfortable and well made‚Ä¶just what I was looking for
819575002,Skinny Jeans in GapFlex with Washwell,dark wash,$69.95,5,Very comfy nice jeans for skinny tall,31x34 fits perfectly on 6'5 (170pounds)  they are super comfy and look very nice and clean.
819575002,Skinny Jeans in GapFlex with Washwell,dark wash,$69.95,5,Fabric quality is great,Great fabric and fit I love it
819575002,Skinny Jeans in GapFlex with Washwell,dark wash,$69.95,5,Good price and good quality,It looks amazing on and it fits  comfortable
455584002,100% Organic Cotton Button Fly '90s Original Straight Fit Jeans with Washwell,medium wash,$79.95,5,Need 2 more pairs ;),I will be buying more of these!! Love them and can't wait to get another pair. Relaxed fit and super comfortable.
455584002,100% Organic Cotton Button Fly '90s Original Straight Fit Jeans with Washwell,medium wash,$79.95,5,Love the button fly,Love the button fly
455584002,100% Organic Cotton Button Fly '90s Original Straight Fit Jeans with Washwell,medium wash,$79.95,3,Overall fit,Pants are on the loose fit end(they lay frumpy on my body (maybe it's my body type)!  I'm 5"11 220 lbs stocky build side 34 waist! Will definitely need tailoring($$)
455584002,100% Organic Cotton Button Fly '90s Original Straight Fit Jeans with Washwell,medium wash,$79.95,4,Nice,Nicely made. I feel like they are a little bigger than the measurements but nice jeans
455584002,100% Organic Cotton Button Fly '90s Original Straight Fit Jeans with Washwell,medium wash,$79.95,5,90s jeans are it,Great 90s silhouette  slight distress.
455584002,100% Organic Cotton Button Fly '90s Original Straight Fit Jeans with Washwell,medium wash,$79.95,5,Great Jeans,Wrote review as part of #sweepstakes.The good: Wash is really well done. Got compliments on it.Rise and fit are exactly like some jeans i had in the 90s. Good job  gap. I think these are my new favorite jeans. Crotch/inseam is lower than styles have been lately so a 32 inseam will be longer on the leg than their non-90s fit straight jeans 32 inseam will. The bad: The distressing is done on the cuffs of each leg. Around the bottom. When this cuff falls apart  jeans look really ratty. Distressing it early just accelerates the process. This is a small downside and probably true of most jeans that are made lightly distressed. Also  the front pockets are kind of small. Smaller than I'm used to. I have a normal smart phone (not like an XL model) and it fits  but barely.
455584002,100% Organic Cotton Button Fly '90s Original Straight Fit Jeans with Washwell,medium wash,$79.95,4,Great fit,Loved the fit of these jeans I am a petite women and they look amazing on  the wash on this model is a bit much but still pretty cool
455584002,100% Organic Cotton Button Fly '90s Original Straight Fit Jeans with Washwell,medium wash,$79.95,5,Comfortable,Boyfriend loved the pants
455584002,100% Organic Cotton Button Fly '90s Original Straight Fit Jeans with Washwell,medium wash,$79.95,4,Fits  comfortable  consistent,fuller than 501s.  pre-distressed is good except for the bottom cuff/seam which will shorten the life of the jeans unnecessarily
455584002,100% Organic Cotton Button Fly '90s Original Straight Fit Jeans with Washwell,medium wash,$79.95,1,Too big,The jeans are too big   I washed them thinking that they was going to shrink but they didn't. I got them in my size 36 I should've went down a size
709140002,Slim Jeans in GapFlex with Washwell,black wash,$69.95,4,Simple and straightforward,These jeans are ok. If you're looking for a simple basic pair of black denim  this works. There is nothing special and I wasn't terribly impressed with the quality and unfortunately not what I was looking for.
709140002,Slim Jeans in GapFlex with Washwell,black wash,$69.95,3,Feels a bit stiffer than the ones from last year,The fit is just okay.  I was expecting a bit moee flex.  I couldve sworn that older versions had more flex.  The recent batch I bought seemed a bit stiff.
709140002,Slim Jeans in GapFlex with Washwell,black wash,$69.95,4,Great,They're great and fit perfect
709140002,Slim Jeans in GapFlex with Washwell,black wash,$69.95,5,Nice fit,My husband loves these jeans. It's his favourite cut.
709140002,Slim Jeans in GapFlex with Washwell,black wash,$69.95,5,the quality,I love it
709140002,Slim Jeans in GapFlex with Washwell,black wash,$69.95,5,Oxiclean stains them,I like that these pants look very 80's-90's
709140002,Slim Jeans in GapFlex with Washwell,black wash,$69.95,5,Comfortable,These are some comfortable jeans
709140002,Slim Jeans in GapFlex with Washwell,black wash,$69.95,5,Know what you need these jeans for ....each cut is different,I am a big fan of Gap jeans for many   many years. For some reason I never was into Levi's   Wrangler  Lee...etc. Found the cut of Gap jeans appeals to my style   comfort and durability. Have at least 35 pairs of Gap jeans (more than I can use ....) but I enjoy to wear them!
709140002,Slim Jeans in GapFlex with Washwell,black wash,$69.95,3,Fit,Great fit!
709140002,Slim Jeans in GapFlex with Washwell,black wash,$69.95,5,Nice jean,Good cut and fit. Slightly looser than skinny
819602002,Skinny Jeans in GapFlex with Washwell,light bleached,$69.95,5,Skinny light wash,Nice colour  good fitting  confortable. Everything was perfect.
819602002,Skinny Jeans in GapFlex with Washwell,light bleached,$69.95,5,Colour,Amazing fitting
819602002,Skinny Jeans in GapFlex with Washwell,light bleached,$69.95,5,Great,From now on i will only buy my jeans at GAP  the perfect size and it's very durable material.
819602002,Skinny Jeans in GapFlex with Washwell,light bleached,$69.95,5,Comfortable/Quality and Affordable,Where do I begin. The Gap been the it brand since I was a kid I'm the 90s and I'm still making purchases from the clothing brand. Satisfied and will continue to shop with Gap!
819602002,Skinny Jeans in GapFlex with Washwell,light bleached,$69.95,5,Great material for a good price,Great material
819602002,Skinny Jeans in GapFlex with Washwell,light bleached,$69.95,5,As Expected!,#SweepStakes Great jeans as expected and as shown in the website. Very happy with my purchase.
819602002,Skinny Jeans in GapFlex with Washwell,light bleached,$69.95,5,Great flex fabric.,The fabric and flex is great. Been looking for a light blue wash jeans  Gap got it right. Thought the fit was a little fuller than I like  I will keep them.
819602002,Skinny Jeans in GapFlex with Washwell,light bleached,$69.95,5,Perfect,Perfect size. Good quality
819602002,Skinny Jeans in GapFlex with Washwell,light bleached,$69.95,5,The amazing fit,I love the color and how well they fit.
819602002,Skinny Jeans in GapFlex with Washwell,light bleached,$69.95,5,Everything fits just like it should,Forgot how great Gap jeans were when I was young. I shop pretty extensively now at Gap!
709148002,Slim Jeans in GapFlex with Washwell,medium wash,$69.95,5,Blue for Mondays,Elegant Fit
709148002,Slim Jeans in GapFlex with Washwell,medium wash,$69.95,5,Great fit,Great cut for my husband who has narrow hips n skinny legs.
709148002,Slim Jeans in GapFlex with Washwell,medium wash,$69.95,5,Gap Jean's for the win!,Bought 2 pair of these. The length is perfect. For my son the waist was a bit big  be he loved them so much he just put on a belt and kept his shirt u tucked  problem solved.
709148002,Slim Jeans in GapFlex with Washwell,medium wash,$69.95,5,Great pair of jeans!,Soft and perfect fit.
709148002,Slim Jeans in GapFlex with Washwell,medium wash,$69.95,5,perfect fit,snug pair of jeans but not to snug just right
709148002,Slim Jeans in GapFlex with Washwell,medium wash,$69.95,5,Comfortable and look great,Bought them for my husband. He loves them! They're very comfortable  and look great on him. He's very picky so it was a gamble buying them without trying on. For reference he's 6'1"  205lbs and I got the 34/34s.
709148002,Slim Jeans in GapFlex with Washwell,medium wash,$69.95,4,Great fit,Good fit not too baggy  not too skinny
709148002,Slim Jeans in GapFlex with Washwell,medium wash,$69.95,5,Nice,Nice color  fits very well.
709148002,Slim Jeans in GapFlex with Washwell,medium wash,$69.95,4,Great medium blues,Husbands loved these. The shade is what caught my attention when I ordered. Great medium blue  jeans for him. He never liked slim fit but now he loves them bc they're not as tight as he thought they would be. He appreciates the stretch in them even tho he doesn't go for a snug look  but feel. Not to many whiskers and fades. They are just right
709148002,Slim Jeans in GapFlex with Washwell,medium wash,$69.95,4,Great service,Durable and form fitting
809092002,Straight Jeans in GapFlex with Washwell,resin rinse,$69.95,4,Well made.,It maybe to soon  but the jeans seem well made and look richer than their price.
809092002,Straight Jeans in GapFlex with Washwell,resin rinse,$69.95,5,Comfy with a bit of stretch.,These fit great and were very comfortable. Will definitely buy again.
809092002,Straight Jeans in GapFlex with Washwell,resin rinse,$69.95,5,Amazing jean,Very comfortable great jeans
809092002,Straight Jeans in GapFlex with Washwell,resin rinse,$69.95,5,Great Jeans,Comfortable and and stylish.
809092002,Straight Jeans in GapFlex with Washwell,resin rinse,$69.95,5,Cool wash,Classic cut  cool wash .DressUp or down.
809092002,Straight Jeans in GapFlex with Washwell,resin rinse,$69.95,5,Length was great!,Perfect fit
809092002,Straight Jeans in GapFlex with Washwell,resin rinse,$69.95,5,Very nice & fit good!,These are my hubby's new favorite pair of dark denim jeans! They wash well & haven't faded!
809092002,Straight Jeans in GapFlex with Washwell,resin rinse,$69.95,5,Nice looking jeans!,My son loves these jeans! He wanted jeans that had stretch and were comfortable. This is the pair!
809092002,Straight Jeans in GapFlex with Washwell,resin rinse,$69.95,5,Good jeans,Tried and true‚Ä¶ gap jeans just fit me the best.  I recently bought jeans from jcrew  and they were too tight around the thighs and too loose at my waist.  I'm not a thic guy.  Lol.  In gap  I'm a 31 slim.  Always seems to work just right.
809092002,Straight Jeans in GapFlex with Washwell,resin rinse,$69.95,5,Great fit,Great jeans for my son  perfect fit.
595358002,Boot Jeans with Washwell,medium wash,$69.95,5,Just the right fit,My son and son in love live these boot leg jeans!!! Perfect fit and length ALL the things me at a great price‚ù§Ô∏è
595358002,Boot Jeans with Washwell,medium wash,$69.95,5,Great jeans,There is alot of room in the thighs
595358002,Boot Jeans with Washwell,medium wash,$69.95,5,Fits right at the right price!,Fits like how bootcut jean should fit. Fits right on the thigh and flares enough to give it the style I was looking for. Got it with additional discount which made me feel good about my purchase.
595358002,Boot Jeans with Washwell,medium wash,$69.95,1,Returned  did not fit well.,Does not size well compared to other jeans...I returned these.
595358002,Boot Jeans with Washwell,medium wash,$69.95,5,Good quality jeans!,Fit great and good quality
595358002,Boot Jeans with Washwell,medium wash,$69.95,5,So comfrotable and look good too,I love the way these boot cut jeans wear and feel and have many pairs.  Not really into the skinny tapered look that feel too tight on me.
595358002,Boot Jeans with Washwell,medium wash,$69.95,5,Great product,Great fit & material!
595358002,Boot Jeans with Washwell,medium wash,$69.95,4,Quality,Nice colour and weight
595358002,Boot Jeans with Washwell,medium wash,$69.95,1,Not the same bootcut,My husband has been wearing these jeans for over a decade now. Just ordered two pair and they're not the same cut anymore. They're more like bell bottoms now. I don't understand why companies do this. Who asked you to change these? Why make a change without letting your customers know? Sadly  after being a loyal gap customer for so many years  now my husband is off to find a new brand of jeans.
595358002,Boot Jeans with Washwell,medium wash,$69.95,5,Gap products are great,Great product and delivered as advertised.
455577002,Slim Jeans in SoftFlex with Washwell,resin rinse,$79.95,5,Soft,It fits perfect and very soft.
455577002,Slim Jeans in SoftFlex with Washwell,resin rinse,$79.95,5,comfortable,Love them so far
455577002,Slim Jeans in SoftFlex with Washwell,resin rinse,$79.95,5,Very comfortable,Most comfortable jeans I own
455577002,Slim Jeans in SoftFlex with Washwell,resin rinse,$79.95,5,Quality jeans,Beautiful craftsmanship
455577002,Slim Jeans in SoftFlex with Washwell,resin rinse,$79.95,3,Nice but problem with the front pockets,I have MANY pairs of Gap jeans and they usually fit very well  but these I have a problem with. The denim extends very little in the inside front pocket  and this combined with the thin and soft material causes the white inner pocket lining to be almost always visible as soon as I move or sit down. I didn't realize this before washing them or else I would have returned them. They're pretty much unwearable for this reason.
455577002,Slim Jeans in SoftFlex with Washwell,resin rinse,$79.95,5,Comfortable,These are some comfortable jeans
455577002,Slim Jeans in SoftFlex with Washwell,resin rinse,$79.95,5,Great fit.,Good fit. Perfect length
455577002,Slim Jeans in SoftFlex with Washwell,resin rinse,$79.95,5,boyfriend's new fav jean,Bought for boyfriend. He commented on how soft but strong the material is. Asked me to buy more immediately
455577002,Slim Jeans in SoftFlex with Washwell,resin rinse,$79.95,5,Comfortable and stylish,Comfortable and stylish
455577002,Slim Jeans in SoftFlex with Washwell,resin rinse,$79.95,5,Perfect straight fit not a skinny jean but a perfect slim,Perfect fit  has a stretch and the waste band Fits comfortable! True to size as well
455516002,Slim Jeans in SoftFlex with Washwell,dark wash,$79.95,5,Great slim fit.,Not too tight and not too loose. This pair is a great rinse and they are super comfortable with the stretch.
455516002,Slim Jeans in SoftFlex with Washwell,dark wash,$79.95,5,Great,Great color and fit
455516002,Slim Jeans in SoftFlex with Washwell,dark wash,$79.95,5,They fit.  He is very thin and they don't bag.,My husband loves these!!
455516002,Slim Jeans in SoftFlex with Washwell,dark wash,$79.95,3,Will rerurn and try different size.,New sizes not in sync with older Gap demin.
455516002,Slim Jeans in SoftFlex with Washwell,dark wash,$79.95,4,Very comfortable,Nice fit
455516002,Slim Jeans in SoftFlex with Washwell,dark wash,$79.95,5,You can trust Gap products,Very comfortable fit and does not fade after a wash
455516002,Slim Jeans in SoftFlex with Washwell,dark wash,$79.95,4,Good quality,The extra long pants were still too short
455516002,Slim Jeans in SoftFlex with Washwell,dark wash,$79.95,5,Perfect fit and comfy!,True to size and perfect fit. These are very comfortable jeans with just enough room around the thighs. Highly recommend!
455516002,Slim Jeans in SoftFlex with Washwell,dark wash,$79.95,5,A comfy pair,Very nice fit and colour! True to size.
455516002,Slim Jeans in SoftFlex with Washwell,dark wash,$79.95,5,Great jeans,True to size. Great quality.
455578002,Soft Flex Straight Jeans with Washwell,black wash,$79.95,5,comfortable,soft against skin  breathable  and affordable.
709153002,Slim Jeans in Gapflex with Washwell,worn dark,$69.95,5,Fits like a glove,I'm almost 40 and think skinny jeans look ridiculous  that being said these are perfectly tight on the thighs and calf without needing butter to put on. Fit as well as $500 pairs I've had in the past.
709153002,Slim Jeans in Gapflex with Washwell,worn dark,$69.95,5,Soft,Very nice fabric!
709153002,Slim Jeans in Gapflex with Washwell,worn dark,$69.95,5,True to size,Super comfy
709153002,Slim Jeans in Gapflex with Washwell,worn dark,$69.95,1,NOT AS SLIM AS THEY LOOK ON THE MODELS,Not as simple as the look on these photos. I actually think that these photos are deceiving.
709153002,Slim Jeans in Gapflex with Washwell,worn dark,$69.95,5,Great Jeans,I always buy these jeans for my spouse because they fit so well.  The other jeans are very baggy in the hip/butt area and look strange.  Also  they wash  well  as they say  so keep on making them!
709153002,Slim Jeans in Gapflex with Washwell,worn dark,$69.95,4,nice quality,a little big.  not so slim
709153002,Slim Jeans in Gapflex with Washwell,worn dark,$69.95,5,Nice jeans,Nice jeans
709153002,Slim Jeans in Gapflex with Washwell,worn dark,$69.95,4,As comfortable as my aging Gap 1968 jeans,I bought these to replace some aging 1969 Gap slim jeans. With the Gapflex feature they appear to be even more comfortable. I used to buy jeans at Banana Republic  but due to their unrealistically high prices I have moved on to Gap. The value is here.
709153002,Slim Jeans in Gapflex with Washwell,worn dark,$69.95,5,Not too slim.,Comfortable with a bit of stretch.
709153002,Slim Jeans in Gapflex with Washwell,worn dark,$69.95,5,Found the perfect style!!,Nice cut  flexible  don't bag out.
595744012,Straight Jeans in GapFlex with Washwell,carls stone,$79.95,5,Great guy and colour,Great fit and colour
595744012,Straight Jeans in GapFlex with Washwell,carls stone,$79.95,5,good,good
595744012,Straight Jeans in GapFlex with Washwell,carls stone,$79.95,5,White Jeans,Very comfy good fit.
595744012,Straight Jeans in GapFlex with Washwell,carls stone,$79.95,5,Highly recommended,Great pair of jeans at a reasonable price.  Very comfortable.
595744012,Straight Jeans in GapFlex with Washwell,carls stone,$79.95,3,Perfect for a few wears  then wrinkles :'(,The dark smudges and stains getting on  I understand as this is a beige pants and I need to be careful  but the wrinkles! Once it comes out of the dryer a couple of times  the jeans will have these thin wrinkle everywhere. Ironing it doesn't help... I can't recommend this and I am wondering this is due to "Gapflex" feature.
595744012,Straight Jeans in GapFlex with Washwell,carls stone,$79.95,5,Bold color  great fit,Regular fit jeans  true to size.
595744012,Straight Jeans in GapFlex with Washwell,carls stone,$79.95,4,worth a penny,I like the color  although the inseam is little bit long  I still like it.
595744012,Straight Jeans in GapFlex with Washwell,carls stone,$79.95,5,Great fit,Great fit. True to size   Very nice denim fabric
595744012,Straight Jeans in GapFlex with Washwell,carls stone,$79.95,3,#sweepstakes,It's hard for me to find jeans that fit me well. It's either too tight or too long. Aside the fact this is a nice color  there needs to be a size 31-28.
595744012,Straight Jeans in GapFlex with Washwell,carls stone,$79.95,5,Heart,Love! Great quality and color
709159002,Straight Jeans in GapFlex with Washwell,light wash,$55.00,5,comfortable,Great fit  great quality
709159002,Straight Jeans in GapFlex with Washwell,light wash,$55.00,5,Great fit,Great fit.
709159002,Straight Jeans in GapFlex with Washwell,light wash,$55.00,5,size,Ordered 28"30" which fits me well
709159002,Straight Jeans in GapFlex with Washwell,light wash,$55.00,4,Fits good but don't like flex,Fits good but don't like flex
709159002,Straight Jeans in GapFlex with Washwell,light wash,$55.00,5,Perfect material,The perfect straight fit jeans.
709159002,Straight Jeans in GapFlex with Washwell,light wash,$55.00,5,Awesome jeans!,I absolutely love my GAP jeans.  They are comfortable  wear well and look great.  This is my 3rd & 4th pair since discovering them.  When needed in a few year to replace these I will be buying more for sure!
709159002,Straight Jeans in GapFlex with Washwell,light wash,$55.00,5,Great fit!,Good quality and great price! I have. Been buying these Jeans for years.
709159002,Straight Jeans in GapFlex with Washwell,light wash,$55.00,5,Awesome jeans,Great color and fit
709159002,Straight Jeans in GapFlex with Washwell,light wash,$55.00,5,very comfortable,greta pair of jeans
709159002,Straight Jeans in GapFlex with Washwell,light wash,$55.00,5,Size and fit,Perfect fit!
595349002,Boots Jeans with Washwell,worn dark,$69.95,5,Outstanding jeans!,Great fit and comfort. I'm fan of GAP Jeans.
595349002,Boots Jeans with Washwell,worn dark,$69.95,5,How good they fit,Love gap jeans
595349002,Boots Jeans with Washwell,worn dark,$69.95,3,Longer inseam than other pair,I just bought two more pairs of these boot cut jeans because I like the way the feel and look.  Unfortunately  although it says it's exactly the same size  the inseam is longer than the other pair and it wears more baggy.  I'll be returning it.
595349002,Boots Jeans with Washwell,worn dark,$69.95,5,Date night yes!,My husband looks amazing he's 6'4 & 220 & these 38√ó36 are perfect.
595349002,Boots Jeans with Washwell,worn dark,$69.95,5,Comfortable staple piece,Comfortable  flattering! Great staple.
595349002,Boots Jeans with Washwell,worn dark,$69.95,4,Great Quality,Very Comfortable!!!
595349002,Boots Jeans with Washwell,worn dark,$69.95,5,Great Fit!,I bought these for my husband and he loves them.  He has veen wearing the standard fit for years and we can't get them anymore.  He said these jeans are super comfy!  They are a loose fit and are a very nice pair of jeans.  We will probably order another pair.
696065002,Relaxed Taper Jeans in GapFlex with Washwell,rinsed,$69.95,5,Great fit,Perfect fit! Amazing quality.
696065002,Relaxed Taper Jeans in GapFlex with Washwell,rinsed,$69.95,4,Good...,"Good" was how my teenage son described these jeans. He liked the look of them and the fit.
696065002,Relaxed Taper Jeans in GapFlex with Washwell,rinsed,$69.95,5,Love it,It's the first time to get  my husband said it is just he was looking.. fits perfectly. Size are true.
696065002,Relaxed Taper Jeans in GapFlex with Washwell,rinsed,$69.95,5,Top,Top jeans
696065002,Relaxed Taper Jeans in GapFlex with Washwell,rinsed,$69.95,3,Not a fan of tapered jeans,Not a fan of tapered jeans I will not do that again love your jeans just nothing tapered
696065002,Relaxed Taper Jeans in GapFlex with Washwell,rinsed,$69.95,4,Good fit and weight,Great fitting with a nice taper. Unfortunately I will be returning for a longer length.
696065002,Relaxed Taper Jeans in GapFlex with Washwell,rinsed,$69.95,4,Great Denim,I have always been a Gap shopper and I really love what the company has been doing for the last 3 years. The quality of the materials has improved a great deal. These jeans are a great mid to heavy weight denim and feel like they will wear in well. Only wish they were more tappered - fits like a straight leg.
696065002,Relaxed Taper Jeans in GapFlex with Washwell,rinsed,$69.95,5,Fit very well,The quality is excellent
696065002,Relaxed Taper Jeans in GapFlex with Washwell,rinsed,$69.95,5,Fit well,Jeans fit well. I like the color.
696065002,Relaxed Taper Jeans in GapFlex with Washwell,rinsed,$69.95,3,Runs more slim,These are alot tighter then the other relaxed jeans.
786909002,Straight Jeans in GapFlex with Washwell,black wash,$69.95,5,must have,no irritation on skin and comfortable while mobile
786909002,Straight Jeans in GapFlex with Washwell,black wash,$69.95,5,Great jeans  sized correctly,Bought for my husband. Fit is great  he loves the stretch factor- just enough to feel comfortable and yet polished enough to wear to a casual work environment
786909002,Straight Jeans in GapFlex with Washwell,black wash,$69.95,5,Comfort,Great jeans. Enough room around my quads .
786909002,Straight Jeans in GapFlex with Washwell,black wash,$69.95,5,comfy,best jeans ever
786909002,Straight Jeans in GapFlex with Washwell,black wash,$69.95,4,Solid,Fit well. Looks good
786909002,Straight Jeans in GapFlex with Washwell,black wash,$69.95,5,The Best ! Peace out Strauss ‚úå,I LOVE these jeans in Black wash.  They literally fit PERFECT and look perfect!  Most black wash style jeans have those annoying wisker lines in the front pockets/zipper area  it's annoying and out of style. I'm an active live touring musician and I LOVE wearing these onstage and also for dates. I own 3 pairs and gonna buy a couple more pairs just incase they never get made the same again. Thanks GAP!
786909002,Straight Jeans in GapFlex with Washwell,black wash,$69.95,5,Will buy these again!,Great jeans at a great price!
786909002,Straight Jeans in GapFlex with Washwell,black wash,$69.95,5,Good fit  stretch fab is the best,The stretch fabric is the best part in jeans nowadays - they are more comfortable.
786909002,Straight Jeans in GapFlex with Washwell,black wash,$69.95,5,Excellent quality and service .,The staff at the store were very knowledgeable and doing an exchange was quick and easy . The garment quality and the service is why I have shopped at the Gap for many years . As well as nicely organized merchandise and welcoming store layout .
786909002,Straight Jeans in GapFlex with Washwell,black wash,$69.95,1,They're not really the best pants for us big people,The material is ok but I didn't like the feel or the way they fit
595740022,Slim Jeans in GapFlex with Washwell,winter ochre,$79.95,5,Awesome Jeans!,Love this fit of these jeans! So comfy and the colorways are awesome. #sweepstakes
595740022,Slim Jeans in GapFlex with Washwell,winter ochre,$79.95,4,Inseam a little long,Fit is ok
595740022,Slim Jeans in GapFlex with Washwell,winter ochre,$79.95,4,GapFlex jeans are the best looking best fit at any price.,I'm an older guy with a slim build. I don't believe in paying designer money for jeans. My daughter worked for the GAP in Daytona while in college. She bought me a pair of Slim GapFlex jeans. They were the best I've ever owned. I'm on my third  no fourth pair. and still rocking the first. This time I'm trying colors.
595740022,Slim Jeans in GapFlex with Washwell,winter ochre,$79.95,5,Nice pants!,Flexible  soft fabric  comfortable to work with!
595740022,Slim Jeans in GapFlex with Washwell,winter ochre,$79.95,5,White is Rare and the Price was Right.,I ordered the white/cream version the price is was unbeatable after a great discount. Gap made some changes to their fit. The jeans feel a little wider than in the past. Still  I love the Gap jeans.
595740022,Slim Jeans in GapFlex with Washwell,winter ochre,$79.95,5,Sweet Color,Great product  I purchased on line.They are a little bigger than previous purchased Gap jeans of the samestyle but they will work. Always a quality garment. Thank You.
595740022,Slim Jeans in GapFlex with Washwell,winter ochre,$79.95,5,Very happy with them,Great consistency in the colour and cut. Fits a bit loose for ¬´¬†slim¬†¬ª but quite well
595740022,Slim Jeans in GapFlex with Washwell,winter ochre,$79.95,5,Easy & fast delivery.,Been long for Jean that hug your body. üëçüèº
595740022,Slim Jeans in GapFlex with Washwell,winter ochre,$79.95,5,Nice Summer Casual Jeans,Very nice white jeans. Fit is perfect and the fabric texture gives it a casual feel that I can wear often enough.
595740022,Slim Jeans in GapFlex with Washwell,winter ochre,$79.95,5,Happy purchase,GOOD JEANS  GOOD PRICE  GOOD EXPERIENCE ALL ROUND.
709155002,Slim Jeans in GapFlex with Washwell,light wash,$69.95,5,Slim fit find!,Excellent fit and good value!
709155002,Slim Jeans in GapFlex with Washwell,light wash,$69.95,5,Gr as at fit,My husband is very pleased with his new jeans.  They C are CD a great fit and the medium denim isss C a great color.
709155002,Slim Jeans in GapFlex with Washwell,light wash,$69.95,5,Strechy,Rly comfortable material
709155002,Slim Jeans in GapFlex with Washwell,light wash,$69.95,4,Nice!!!,This jean is nice because it holds its shape.
709155002,Slim Jeans in GapFlex with Washwell,light wash,$69.95,4,Perfect,Great fit. Love the wash also. Not to skinny and not to loose.
709155002,Slim Jeans in GapFlex with Washwell,light wash,$69.95,4,Best Fit,They fit great first of all. It gives off a slim look while being able to maneuver at your fullest whether it's running or bending. Great material overall they're good jeans
709155002,Slim Jeans in GapFlex with Washwell,light wash,$69.95,5,Softest pant he ever had,I bought this pants for my husband. He wore it this Easter and he loves it! He said the material is soft and likes the feel of it. Fits perfectly on him. Im glad i got it for him!
709155002,Slim Jeans in GapFlex with Washwell,light wash,$69.95,5,Great jeans at a great price,Such a good fit and they wash and wear so well.  This jeans will last.....
709155002,Slim Jeans in GapFlex with Washwell,light wash,$69.95,5,Husband moved these.,Husbands loved these. The shade is what caught my attention when I ordered. Great classic jean! He never liked slim fit but now he loves them bc they're not as tight as he thought they would be.
709155002,Slim Jeans in GapFlex with Washwell,light wash,$69.95,4,Great jeans,Good fit. Love the wash of the denim
349790002,Straight Jeans with Washwell,vintage,$59.95,5,Back in the days,My husband loves these jeans. He said it reminds him of the jeans from the 90's.
349790002,Straight Jeans with Washwell,vintage,$59.95,5,Great pair of jeans!,I bought these for my husband who is very picky  he love them!
349790002,Straight Jeans with Washwell,vintage,$59.95,3,Straight jeans fit well.,Nice jeans. Fit well.
349790002,Straight Jeans with Washwell,vintage,$59.95,3,Good  not great,I thought these were pure denim but they seem to have some flex / stretch to them.  Why is it so hard to find traditional denim?
349790002,Straight Jeans with Washwell,vintage,$59.95,5,Best jeans,Fit good. Feel well made
349790002,Straight Jeans with Washwell,vintage,$59.95,5,Excellent pair of jeans.,Perfect fit. Looks great. Great price. Would buy again
349790002,Straight Jeans with Washwell,vintage,$59.95,5,Good quality jeans!,Nice to find jeans with 29" length
349790002,Straight Jeans with Washwell,vintage,$59.95,5,Soft fabric,Perfect fit
349790002,Straight Jeans with Washwell,vintage,$59.95,5,Good price,Perfect
349790002,Straight Jeans with Washwell,vintage,$59.95,5,GAP takes the confusion out of which retailer to buy from.,The jeans fit better than any others I've found.  My experience with GP goes  back decades: I have a heavy duty jacket that is about 30 years old  and is still comfortable  wearable  and keeps me warm.
455692002,Slim Jeans in SoftFlex with Washwell,medium wash,$79.95,5,Good fit,Good fit.
455692002,Slim Jeans in SoftFlex with Washwell,medium wash,$79.95,5,Great fit and feel,I like the fit and soft feel.  It has enough stretch that it doesn't sag.
455692002,Slim Jeans in SoftFlex with Washwell,medium wash,$79.95,5,Great Looking Jeans,Looking for men's jeans that did not have super baggy legs & could still accommodate a size 38 waist. These are it ! Creates overall slim look . Also wash well.
455692002,Slim Jeans in SoftFlex with Washwell,medium wash,$79.95,2,Loose. Not a slim fit,Fabric is comfortable Fitting is not right.  Its loose around thighs till feet
455692002,Slim Jeans in SoftFlex with Washwell,medium wash,$79.95,5,Great fit and feel.,Fits great  super soft  great wash.
455692002,Slim Jeans in SoftFlex with Washwell,medium wash,$79.95,4,Nice!!!,Some jeans stretch more than others  and these did just that. Becoming lose at the end of the day is a little frustrating  but it is a nice and comfortable fit.
455692002,Slim Jeans in SoftFlex with Washwell,medium wash,$79.95,4,Great fit,They fit great and are very comfortable
455692002,Slim Jeans in SoftFlex with Washwell,medium wash,$79.95,5,Great jeans,Love the fit and quality of this jeans.
455692002,Slim Jeans in SoftFlex with Washwell,medium wash,$79.95,5,These jeans are flexible,Great fit around my stomach
455692002,Slim Jeans in SoftFlex with Washwell,medium wash,$79.95,5,Great fitting jeans!,Great jeans.  The stretch really makes the difference.  This slim fit is really a straight jean without the bagginess and its perfect for my husband's needs.
595740032,Slim Jeans in GapFlex with Washwell,flannel taupe,$63.00,5,Awesome Jeans!,Love this fit of these jeans! So comfy and the colorways are awesome. #sweepstakes
595740032,Slim Jeans in GapFlex with Washwell,flannel taupe,$63.00,4,Inseam a little long,Fit is ok
595740032,Slim Jeans in GapFlex with Washwell,flannel taupe,$63.00,4,GapFlex jeans are the best looking best fit at any price.,I'm an older guy with a slim build. I don't believe in paying designer money for jeans. My daughter worked for the GAP in Daytona while in college. She bought me a pair of Slim GapFlex jeans. They were the best I've ever owned. I'm on my third  no fourth pair. and still rocking the first. This time I'm trying colors.
595740032,Slim Jeans in GapFlex with Washwell,flannel taupe,$63.00,5,Nice pants!,Flexible  soft fabric  comfortable to work with!
595740032,Slim Jeans in GapFlex with Washwell,flannel taupe,$63.00,5,White is Rare and the Price was Right.,I ordered the white/cream version the price is was unbeatable after a great discount. Gap made some changes to their fit. The jeans feel a little wider than in the past. Still  I love the Gap jeans.
595740032,Slim Jeans in GapFlex with Washwell,flannel taupe,$63.00,5,Sweet Color,Great product  I purchased on line.They are a little bigger than previous purchased Gap jeans of the samestyle but they will work. Always a quality garment. Thank You.
595740032,Slim Jeans in GapFlex with Washwell,flannel taupe,$63.00,5,Very happy with them,Great consistency in the colour and cut. Fits a bit loose for ¬´¬†slim¬†¬ª but quite well
595740032,Slim Jeans in GapFlex with Washwell,flannel taupe,$63.00,5,Easy & fast delivery.,Been long for Jean that hug your body. üëçüèº
595740032,Slim Jeans in GapFlex with Washwell,flannel taupe,$63.00,5,Nice Summer Casual Jeans,Very nice white jeans. Fit is perfect and the fabric texture gives it a casual feel that I can wear often enough.
595740032,Slim Jeans in GapFlex with Washwell,flannel taupe,$63.00,5,Happy purchase,GOOD JEANS  GOOD PRICE  GOOD EXPERIENCE ALL ROUND.
989783002,Straight Jeans with Washwell,black,$69.95,5,Great fit,Great fit
989783002,Straight Jeans with Washwell,black,$69.95,5,Unbelievable deals at the Gap.,Loved the fit of these jeans  price and quality. Also the staff were very helpful. I buy a lot of merchandise from the Gap.
989783002,Straight Jeans with Washwell,black,$69.95,5,Yay Cotton!,100% cotton..these look hot on my husband aaand he can skate in them because they breathe. They are also really affordable
989783002,Straight Jeans with Washwell,black,$69.95,4,Pretty Good,Pretty good. Was expecting it be more Flex
989783002,Straight Jeans with Washwell,black,$69.95,5,he loves the fit,perfect fit for my husband. Leo it.
989783002,Straight Jeans with Washwell,black,$69.95,5,Great fit,They look great and feel great
989783002,Straight Jeans with Washwell,black,$69.95,5,Gap Bestest Jeans,I love Gap jeans. Great fabric. Great fit.
989783002,Straight Jeans with Washwell,black,$69.95,5,Good quality,Ordered 4 pairs  this was the only one where the length worked out  the Rest was too short
989783002,Straight Jeans with Washwell,black,$69.95,5,Super Comfy Jeans,My husband loves these jeans. They fit well  try to size. They look great on too!
989783002,Straight Jeans with Washwell,black,$69.95,4,Good Value,Good fit and value for the money. Good quality
720206002,Athletic Taper Jeans in GapFlex with Washwell,medium wash,$69.95,5,I love them,Great jeans at a great price.
720206002,Athletic Taper Jeans in GapFlex with Washwell,medium wash,$69.95,3,Much larger than I thought.,Wasn't sure what I was expecting with athletic taper  but it turned out I might not be the "athletic taper" type. If you're a slim fit person these will wear baggy.
720206002,Athletic Taper Jeans in GapFlex with Washwell,medium wash,$69.95,3,too baggy,too baggy in the tights
720206002,Athletic Taper Jeans in GapFlex with Washwell,medium wash,$69.95,5,Got what I paid for!,All fit great and look great
720206002,Athletic Taper Jeans in GapFlex with Washwell,medium wash,$69.95,5,Yes...buy them!!,My husband absolutely loves this pair of jeans! He said he finally found a pair that fits perfectly in all the right places 10/10 recommend!
720206002,Athletic Taper Jeans in GapFlex with Washwell,medium wash,$69.95,5,Great fit and color,My husband was in need of jeans and these fit the bill perfectly.  He loves the fit and the soft color.  A great purchase.
720206002,Athletic Taper Jeans in GapFlex with Washwell,medium wash,$69.95,5,He Loves the GpaFlex,Bought for my hubby. Loves the fit and the flex!  Size is accurate
720206002,Athletic Taper Jeans in GapFlex with Washwell,medium wash,$69.95,3,Inconsistent waist size!,Size way off. 4" larger waist compared with the pair I have at home.
720206002,Athletic Taper Jeans in GapFlex with Washwell,medium wash,$69.95,5,Great roomy jean,Great jean with ample room in the thighs
720206002,Athletic Taper Jeans in GapFlex with Washwell,medium wash,$69.95,5,Great fit,I've been buying Gap jeans for almostv30 years and I don't plan on ever stopping!
596623002,Everyday Slim Jeans with GapFlex,black destroy wash,$79.95,5,the quality,I love it
596623002,Everyday Slim Jeans with GapFlex,black destroy wash,$79.95,5,Best pair of black jeans.,Great jeans. They run true to size. That can be worn either casual with sneakers   t-shirt  hoodie or dressed up a little more with a nice sweater and casual shoes.
596623002,Everyday Slim Jeans with GapFlex,black destroy wash,$79.95,4,Great fit!,These jeans fit great! I was very pleased with them.
720207002,Athletic Taper Jeans in GapFlex with Washwell,dark tinted-stretch,$69.95,5,Great fit and length!,Nice fit  especially for those who are shorter. Great that you offer 28" length. Jeans are very comfortable and soft.
720207002,Athletic Taper Jeans in GapFlex with Washwell,dark tinted-stretch,$69.95,3,Overly Roomy,I found this cut (or perhaps the pair sent) to be extremely loose through the hits and butt.  I have thick thighs  but these look more as if cut for female build.
720207002,Athletic Taper Jeans in GapFlex with Washwell,dark tinted-stretch,$69.95,4,Comfy jeans.,True to size and I really like the fit of them.
720207002,Athletic Taper Jeans in GapFlex with Washwell,dark tinted-stretch,$69.95,3,Good for big thighs - personally in between sizes,Size 31 waist was too small so I ordered a 32 waist and it's too big. I'm swimming in it. I need to gain or lose weight I guess. Still these are my favorite fit of jeans for someone with big thighs.
720207002,Athletic Taper Jeans in GapFlex with Washwell,dark tinted-stretch,$69.95,5,Worth the buy!,Soft  stretchy and comfortable.  Great color! Perfect fit in the legs for any type of shoe.  The style and color go great with all types of shirts and tees.
720207002,Athletic Taper Jeans in GapFlex with Washwell,dark tinted-stretch,$69.95,4,Good fit,Good fit. As advertised.
720207002,Athletic Taper Jeans in GapFlex with Washwell,dark tinted-stretch,$69.95,5,Great fit!,These fit my husband so well. He has a hard time finding jeans he thinks look stylish and also feel good and these do both.
720207002,Athletic Taper Jeans in GapFlex with Washwell,dark tinted-stretch,$69.95,5,Quality  comfort and style  üëçüèΩ thumbs up!,I'm 6'9"  so I already find it hard to find jeans that fit with even the style and color that i would like. This jean hit home for me  compared to other jeans that i own  the quality is also great. I bought tall 36x36 athletic fit. The comfort and the style is a 10 out of 10 for me. Great üëñ jeans! I bought 2 more!
720207002,Athletic Taper Jeans in GapFlex with Washwell,dark tinted-stretch,$69.95,5,Good cut,Good color  fit well.
720207002,Athletic Taper Jeans in GapFlex with Washwell,dark tinted-stretch,$69.95,5,Great quality and price,Great price for jeans!
644885002,Straight Jeans with Washwell,dark blue,$59.95,5,Great fit,Great fit
644885002,Straight Jeans with Washwell,dark blue,$59.95,4,Good fit!,It's hard to find pants to fit my (tall  thin) growing teen. Old navy came through for us!
644885002,Straight Jeans with Washwell,dark blue,$59.95,5,Perfect fit!,Perfect fit! Even after washing and drying.
644885002,Straight Jeans with Washwell,dark blue,$59.95,5,Comfy jeans,Very comfortable to wear
644885002,Straight Jeans with Washwell,dark blue,$59.95,5,My go-to jeans.,These are ideal pants for most ever-day wear.
644885002,Straight Jeans with Washwell,dark blue,$59.95,5,5 stars,I bought 2 jeans from last week. They made delivery only in 4 days. It is fast then I wish. The price is amazing and product are quality the I hope..I would give this GAP 5 stars now.
644885002,Straight Jeans with Washwell,dark blue,$59.95,4,Great fit  account for shrinkage,Material is soft  the cut is is great  and the colors make it easy to dress up or downThe length will shrink after a wash. Either hang dry or buy one inch longer
644885002,Straight Jeans with Washwell,dark blue,$59.95,3,Okay Buy,There Okay but I really miss the Straight "Taper"  jeans.
644885002,Straight Jeans with Washwell,dark blue,$59.95,4,Gift!,I bought this as a gift for my brother. I hope he likes it !
644885002,Straight Jeans with Washwell,dark blue,$59.95,4,Good looking comfortable jeans,The jeans have a nice comfortable straight fit which sits at waist as advertised. The dark wash looks great and can be easily dressed up or down. The denim is lightweight and should be comfortable in summer months. No branding or fancy stitching  just a solid pair of classic blue jeans.
720208002,Athletic Taper Jeans in GapFlex with Washwell,rinse,$69.95,5,Looks great,I love it. True to size and feels comfortable. I got compliments from my friends while wearing it. I will surely buy for more.
720208002,Athletic Taper Jeans in GapFlex with Washwell,rinse,$69.95,1,Awful silhouette and no longer a gap customer,These jeans disappointed on so many levels.  These pants were wide in the hips so they had an appearance that they ballooned out at the sides. Also  the online price (even with a 40%online discount)  was still more than DOUBLE the marked price. I call 1-800 customer disservice and learned that this was Gap's policy online and in store pricing were two separate things so too bad for me.  So these jeans are going back and I'll be looking for another brand of jeans
720208002,Athletic Taper Jeans in GapFlex with Washwell,rinse,$69.95,5,Best fitting jeans,Perfect fit
720208002,Athletic Taper Jeans in GapFlex with Washwell,rinse,$69.95,5,jeans quality,it's a comfortable fit and the color is beautiful  just as it should be.
720208002,Athletic Taper Jeans in GapFlex with Washwell,rinse,$69.95,5,Great Fit  Great Feel,Bought the athletic taper jeans last week and have worn them three days in a row since trying them on! They are a great fit  have a sleek look  and contain that slight stretch material  making it easy to move around (or enjoy an extra cookie or 3). I see a second pair coming my way shortly in the future!
720208002,Athletic Taper Jeans in GapFlex with Washwell,rinse,$69.95,4,Comfortable,Comfortable jeans.
720208002,Athletic Taper Jeans in GapFlex with Washwell,rinse,$69.95,5,They fit exactly as was stated,These were purchased for my son and he loves the fit
720208002,Athletic Taper Jeans in GapFlex with Washwell,rinse,$69.95,5,Good fit.,They fit well. 1st bought my usual size but after wearing a couple of days felt a little loose. So went back for 1 inch smaller waist and they are better. Would prefer a little higher cotton and less stretch but I can live with these. I actually like them a little better than my Levi's.
720208002,Athletic Taper Jeans in GapFlex with Washwell,rinse,$69.95,5,Gap Jean's Lover,My adult son loves the comfort of these jeans.  Best deals here on line at Gap!
720208002,Athletic Taper Jeans in GapFlex with Washwell,rinse,$69.95,5,Relaxing for.,Great relaxing fit with some stretch  these are beyond comfortable..definitely a must have!The length is perfect!
789983002,Athletic Taper Jeans in GapFlex with Washwell,black,$69.95,5,Great purchase,Nice quality  great fit  very reasonably priced and quick delivery
789983002,Athletic Taper Jeans in GapFlex with Washwell,black,$69.95,5,Fit,Perfect fit
789983002,Athletic Taper Jeans in GapFlex with Washwell,black,$69.95,5,Athletic fit & Stylish,It's hard to find jeans with an athletic fit that are also stylish. I love these jeans.
789983002,Athletic Taper Jeans in GapFlex with Washwell,black,$69.95,5,Nice jeans for athletic body,Fit is good. Roomier in butt and thigh but pants don't look baggy because the lower leg is tapered.
789983002,Athletic Taper Jeans in GapFlex with Washwell,black,$69.95,5,Fitting,Fantastic
789983002,Athletic Taper Jeans in GapFlex with Washwell,black,$69.95,5,Nice pair of everyday black jeans,Perfect black pair of jeans for any occasion! They washed good surprisingly because they didn't fade!
789983002,Athletic Taper Jeans in GapFlex with Washwell,black,$69.95,5,Great for!,Perfect for my thick legs without being baggy or bulky.
789983002,Athletic Taper Jeans in GapFlex with Washwell,black,$69.95,5,Athletic Taper is where it's at!!,Love the fit and color.  Very sharp.  Super comfy with the Athletic Taper material and stretch.
789983002,Athletic Taper Jeans in GapFlex with Washwell,black,$69.95,5,Quality Material/Cut----Check!!,Purchase This Item While You Can!!......this is my second purchase of this particular style/size of a denim jean by GAP......the item fits perfectly with NO flaws or discomfort while wearing.....I highly recommend this denim jean IF you "fit" the physical anatomy of which this jean is suited for....
789983002,Athletic Taper Jeans in GapFlex with Washwell,black,$69.95,5,Fits well as expected :),Fit well in the waist and legs.  Very comfy.
778776002,Everyday Slim Jeans in GapFlex with Washwell,washed black,$49.95,5,Great price,Fit was what I expected and the price was great.
778776002,Everyday Slim Jeans in GapFlex with Washwell,washed black,$49.95,4,great jeans,great jeans i was expected them to be more black however they are nice and long and very impressive
778776002,Everyday Slim Jeans in GapFlex with Washwell,washed black,$49.95,5,Fit well. Not too thin.,It's not always easy finding a slim jean that's not a legging or like I'm pretending to go to a Pearl Jam show. The latter has become more prevalent as kids think the 90s were cool. I find these to move and not hug. I enjoy they're not flopping around. Wash is good  not jet black and good thickness to texture ratio.  #sweepstakes
778776002,Everyday Slim Jeans in GapFlex with Washwell,washed black,$49.95,5,Super quality,Super happy
778776002,Everyday Slim Jeans in GapFlex with Washwell,washed black,$49.95,5,Fits true to size,Pleased with the fit of the pants wish they were a little darker but it is evident through the photos they were a slightly lighter wash than straight black.
778776002,Everyday Slim Jeans in GapFlex with Washwell,washed black,$49.95,5,It's Perfect,It's Perfect
778776002,Everyday Slim Jeans in GapFlex with Washwell,washed black,$49.95,5,10/10 would recommend.,best jeans I've ever had  they fit perfect.
778776002,Everyday Slim Jeans in GapFlex with Washwell,washed black,$49.95,3,Slim,If you're into a slim fat  these are your jeans
778776002,Everyday Slim Jeans in GapFlex with Washwell,washed black,$49.95,5,GOOD DEAL,Quality matches price
778776002,Everyday Slim Jeans in GapFlex with Washwell,washed black,$49.95,5,Great Jeans - Great Fit,My grandson has a slim build with long legs and these are the only great looking jeans that are sized that way.  They fit him sooo well.
514098002,Baggy Jeans with Washwell,dark wash,$69.95,5,Nice fit,Great !
514098002,Baggy Jeans with Washwell,dark wash,$69.95,5,Size is true,Very nice color and the material is very good .I order it for my son and he love it!
514098002,Baggy Jeans with Washwell,dark wash,$69.95,5,Finally- a baggy fit jean,My husband has an athletic build and these fit so comfortably. Thank you for offering them.
514098002,Baggy Jeans with Washwell,dark wash,$69.95,5,Super comfortable and loose.,Love these jeans so comfortable every time I wear them. Been wearing these non stop since I bought them. 10/10! #sweepstakes
514098002,Baggy Jeans with Washwell,dark wash,$69.95,5,Baggy but fit great,baggy but look great
514098002,Baggy Jeans with Washwell,dark wash,$69.95,4,Good stuff,Good quality
514098002,Baggy Jeans with Washwell,dark wash,$69.95,5,comfortable and durable,very comfortable and true to sizefell down a couple of times while skating and they still have not torn
514098002,Baggy Jeans with Washwell,dark wash,$69.95,5,Baggy style is the main reason I bought this jeans,I found it is very comfortable to wear baggy style jeans. Like them so far
514098002,Baggy Jeans with Washwell,dark wash,$69.95,5,Good material,Comfortable jeans
514098002,Baggy Jeans with Washwell,dark wash,$69.95,5,nice and baggy,perfect bagginess  they're not too big and you can roll them up easily if you need to.
